{
    "index": "/index.html",
    "assetGroups": [{
        "name": "app",
        "installMode": "lazy",
        "resources": {
            "files": [
                "/favicon.ico",
                "/index.html",
                "/*.css",
                "/*.js"
            ]
        }
    }, {
        "name": "assets",
        "installMode": "lazy",
        "updateMode": "lazy",
        "resources": {
            "files": [
                "/assets/**"
            ]
        }
    }],
    "dataGroups": [{
        "name": "from-api",
        "urls": [
        ],
        "cacheConfig": {
            "strategy": "performance",
            "maxSize": 500,
            "maxAge": "3d",
            "timeout": "5s"
        }
    }]
}